[{"name":"ahasan ullah riaz","email":"ahasunr@gmail.com","date_of_birth":"2021-06-15","gender":"male","degree":"bsc","blood_group":"AB+"},{"name":"ahasan ullah riaz","email":"ahasunr@gmail.com","date_of_birth":"2021-06-15","gender":"male","degree":"bsc","blood_group":"AB+"},{"name":"Ahasan Ullah Riaz","email":"ahasunr@gmail.com","date_of_birth":"2021-05-21","gender":"male","degree":"bsc","blood_group":"A+"},{"name":"","email":"","date_of_birth":"","gender":"","degree":"","blood_group":"A+"},{"name":"Ahasan Ullah Riaz","email":"ahasunr@gmail.com","date_of_birth":"1998-05-21","gender":"male","degree":"bsc","blood_group":"AB+"},{"name":"","email":"","date_of_birth":"1998-05-21","gender":"","degree":"","blood_group":"A+"},{"name":"","email":"01643576146","date_of_birth":"1998-05-21","gender":"","degree":"","blood_group":"A+"},{"name":"","email":"","date_of_birth":"","gender":"","degree":"","blood_group":"A+"},{"name":"Ahasan Ullah Riaz","email":"sinthiyahossain@hotmail.com","date_of_birth":"2021-06-15","gender":"male","degree":"bsc","blood_group":"O+"},{"name":"12334","email":"","date_of_birth":"","gender":"","degree":"","blood_group":"A+"},{"name":"12334","email":"","date_of_birth":"","gender":"","degree":"","blood_group":"A+"},{"name":"ahasan ullah riaz","email":"","date_of_birth":"","gender":"","degree":"","blood_group":"A+"},{"name":"123","email":"","date_of_birth":"","gender":"","degree":"","blood_group":"A+"},{"name":"","email":"","date_of_birth":"","gender":"","degree":"","blood_group":"A+"},{"name":"y67","email":"","date_of_birth":"","gender":"","degree":"","blood_group":"A+"},{"name":"","email":"","date_of_birth":"","gender":"","degree":"","blood_group":"A+"}]